key,fullName,email,passportNumber,dateOfBirth,specialNeeds
passenger-01,John Doe,user1@example.com,B1000001,1981-02-02 00:00:00,None
passenger-02,Alice Smith,user2@example.com,C1000002,1982-03-03 00:00:00,Wheelchair access
passenger-03,JohnJacobJingleheimerSchmidtJohnJacobJingleheimerSchmidtJohnJacobJingleheimerSchmidtJohnJacobJingleheimerSchmidtJohnJacobJingleheimerSchmidtJohnJacobJingleheimerSchmidtJohnJacobJingleheimerSchmidtJohnJacobJingleheimerSchmidtJohnJacobJingleheimerSchmidtJohnJacobJingleheimerSchmid,user3@example.com,D1000003,1983-04-04 00:00:00,None
passenger-04,Emma Brown,user4@example.com,E1000004,1984-05-05 00:00:00,Gluten-free meal
passenger-05,Michael White,user5@example.com,F1000005,1985-06-06 00:00:00,None
passenger-06,Sarah Connor,user6@example.com,G1000006,1986-07-07 00:00:00,None
passenger-07,JohnJacobJingleheimerSchmidtJohnJacobJingleheimerSchmidtJohnJacobJingleheimerSchmidtJohnJacobJingleheimerSchmidtJohnJacobJingleheimerSchmidtJohnJacobJingleheimerSchmidtJohnJacobJingleheimerSchmidtJohnJacobJingleheimerSchmidtJohnJacobJingleheimerSchmidtJohnJacobJingleheimerSchmidt,user7@example.com,H1000007,1987-08-08 00:00:00,None
passenger-08,Cl,user8@example.com,I1000008,1988-09-09 00:00:00,Vegan meal
passenger-09,D,user9@example.com,J1000009,1989-10-10 00:00:00,""
passenger-10,Bruce Wayne,user10@example.com,K1000010,1990-11-11 00:00:00,Hearing assistance
passenger-11,Tony Stark,user11@example.com,L1000011,1991-12-12 00:00:00,None
passenger-12,Peter Parker,user12@example.com,M1000012,1992-01-13 00:00:00,None
passenger-13,Natasha Romanoff,user13@example.com,N1000013,1993-02-14 00:00:00,None
passenger-14,Steve Rogers,user14@example.com,O1000014,1994-03-15 00:00:00,Extra legroom
passenger-15,Thor Odinson,user15@example.com,P1000015,1995-04-16 00:00:00,None
passenger-16,Loki Laufeyson,user16@example.com,Q1000016,1996-05-17 00:00:00,None
passenger-17,Wanda Maximoff,user17@example.com,R1000017,1997-06-18 00:00:00,Wheelchair access
passenger-18,Vision,user18@example.com,S1000018,1998-07-19 00:00:00,None
passenger-19,T'Challa,user19@example.com,T1000019,1999-08-20 00:00:00,None
passenger-20,Stephen Strange,user20@example.com,U1000020,2000-09-21 00:00:00,""
passenger-21,Nick Fury,user21@example.com,V1000021,2001-10-22 00:00:00,None
passenger-22,Hank Pym,user22@example.com,W1000022,2002-11-23 00:00:00,None
passenger-23,Scott Lang,user23@example.com,X1000023,2003-12-24 00:00:00,None
passenger-24,Hope van Dyne,user24@example.com,Y1000024,2004-01-25 00:00:00,None
passenger-25,Jean Grey,user25@example.com,Z1000025,2005-02-26 00:00:00,None
